app_id,candidate_id,job_id,apply_date,status
1,313,149,2025-06-30,Applied
2,51,169,2025-07-16,Applied
3,714,170,2025-07-18,Rejected
4,971,198,2025-05-24,Applied
5,651,129,2025-11-30,Rejected
6,994,111,2026-02-15,Selected
7,28,130,2026-04-05,Rejected
8,141,188,2025-07-31,Rejected
9,782,179,2026-04-15,Applied
10,39,127,2025-10-10,Applied
11,925,181,2025-08-27,Selected
12,105,103,2025-07-09,Rejected
13,271,123,2025-08-22,Applied
14,64,186,2025-09-18,Rejected
15,468,127,2025-06-03,Selected
16,428,177,2025-09-03,Selected
17,891,191,2026-02-14,Rejected
18,198,128,2026-03-11,Applied
19,899,188,2025-10-19,Rejected
20,106,126,2025-11-18,Rejected
21,177,146,2026-03-24,Applied
22,676,180,2025-08-17,Selected
23,946,159,2026-02-03,Rejected
24,468,146,2025-07-14,Selected
25,150,141,2026-03-03,Rejected
26,886,183,2026-01-24,Rejected
27,857,177,2026-03-31,Applied
28,729,126,2026-03-22,Applied
29,457,169,2025-11-16,Applied
30,133,148,2025-06-21,Selected
31,440,173,2025-06-02,Applied
32,506,112,2025-11-23,Selected
33,856,153,2025-08-02,Applied
34,866,140,2025-12-16,Applied
35,507,199,2025-12-18,Applied
36,764,135,2026-02-24,Applied
37,230,153,2025-10-14,Selected
38,850,200,2025-07-04,Applied
39,609,158,2026-03-16,Selected
40,899,144,2025-07-18,Selected
41,315,178,2025-09-06,Applied
42,604,176,2025-08-11,Rejected
43,948,122,2025-06-23,Rejected
44,905,153,2025-10-10,Applied
45,8,186,2025-04-25,Applied
46,233,172,2026-02-17,Applied
47,663,177,2025-07-21,Selected
48,445,131,2026-01-23,Applied
49,357,112,2025-04-19,Applied
50,267,187,2025-06-28,Applied
51,401,148,2025-12-01,Applied
52,77,192,2025-12-15,Selected
53,458,188,2025-09-22,Rejected
54,466,184,2026-03-14,Applied
55,812,195,2025-10-14,Rejected
56,831,133,2025-04-27,Applied
57,388,178,2025-06-29,Selected
58,88,148,2025-12-30,Selected
59,924,134,2025-11-05,Applied
60,93,165,2025-10-01,Applied
61,631,117,2025-11-14,Applied
62,225,101,2026-01-06,Selected
63,444,107,2026-02-26,Applied
64,568,103,2025-09-02,Selected
65,951,154,2025-08-25,Applied
66,13,156,2025-04-28,Applied
67,607,143,2025-11-06,Rejected
68,119,192,2025-06-21,Applied
69,812,180,2026-01-18,Selected
70,726,106,2025-08-16,Rejected
71,311,186,2025-06-08,Rejected
72,896,143,2025-07-11,Applied
73,413,107,2025-04-17,Applied
74,290,130,2026-02-12,Selected
75,220,181,2026-01-25,Selected
76,712,186,2025-12-11,Selected
77,186,104,2025-09-10,Selected
78,975,160,2025-07-18,Selected
79,475,175,2025-08-07,Selected
80,722,197,2025-07-01,Applied
81,68,134,2025-11-16,Applied
82,336,196,2025-04-22,Applied
83,604,147,2026-03-01,Rejected
84,303,180,2026-04-12,Rejected
85,818,166,2026-04-16,Selected
86,614,149,2025-12-05,Rejected
87,952,152,2026-03-12,Applied
88,527,194,2026-03-01,Rejected
89,422,155,2026-03-27,Selected
90,154,133,2025-12-07,Rejected
91,207,165,2025-08-02,Applied
92,581,139,2025-11-14,Applied
93,929,125,2026-01-29,Applied
94,636,160,2025-10-02,Selected
95,672,114,2025-08-22,Selected
96,461,181,2025-11-24,Applied
97,461,133,2025-09-07,Applied
98,174,189,2025-09-14,Rejected
99,513,184,2025-07-05,Rejected
100,616,116,2025-10-12,Applied
101,703,161,2025-12-13,Selected
102,702,126,2025-05-01,Applied
103,117,136,2026-03-13,Applied
104,443,159,2026-03-17,Selected
105,251,166,2025-09-30,Applied
106,603,110,2026-02-03,Applied
107,511,161,2025-10-30,Applied
108,345,113,2025-08-28,Rejected
109,340,157,2025-06-10,Selected
110,330,197,2025-10-10,Rejected
111,527,121,2025-06-23,Selected
112,206,138,2025-08-31,Rejected
113,824,169,2025-12-05,Selected
114,14,183,2026-02-28,Applied
115,554,125,2025-12-11,Selected
116,7,152,2025-08-13,Rejected
117,695,157,2025-06-06,Selected
118,760,124,2026-01-10,Applied
119,655,197,2025-11-27,Selected
120,280,114,2025-10-26,Selected
121,486,106,2025-08-17,Rejected
122,311,144,2025-10-28,Selected
123,948,176,2025-12-15,Rejected
124,499,115,2026-02-07,Applied
125,276,193,2025-12-21,Rejected
126,580,129,2025-10-15,Applied
127,210,181,2026-02-28,Applied
128,418,140,2026-02-23,Applied
129,386,115,2025-08-14,Applied
130,859,184,2025-04-20,Rejected
131,593,105,2025-10-17,Rejected
132,101,123,2025-05-20,Rejected
133,57,126,2026-02-02,Applied
134,734,194,2025-09-14,Rejected
135,340,151,2025-05-28,Selected
136,789,126,2025-08-06,Applied
137,243,122,2025-09-04,Selected
138,405,138,2025-07-22,Rejected
139,575,116,2025-12-21,Selected
140,302,197,2025-12-05,Rejected
141,306,199,2025-10-31,Applied
142,862,153,2025-12-26,Applied
143,445,154,2025-12-10,Applied
144,465,152,2025-09-21,Rejected
145,242,140,2025-06-21,Rejected
146,646,185,2025-11-09,Rejected
147,747,136,2025-11-27,Applied
148,668,159,2026-01-31,Selected
149,928,104,2025-10-10,Applied
150,153,177,2025-07-05,Selected
151,602,170,2026-03-25,Rejected
152,606,199,2025-11-15,Applied
153,752,128,2025-10-19,Selected
154,271,195,2025-08-12,Selected
155,665,164,2025-08-01,Rejected
156,917,199,2025-10-12,Rejected
157,180,138,2026-01-27,Selected
158,219,176,2026-02-04,Selected
159,340,135,2025-11-25,Applied
160,890,143,2026-01-15,Rejected
161,963,173,2025-10-28,Applied
162,819,113,2025-10-10,Rejected
163,472,168,2025-04-19,Selected
164,706,161,2025-06-15,Applied
165,725,117,2026-02-21,Applied
166,777,160,2025-11-20,Rejected
167,35,115,2025-04-29,Selected
168,170,128,2026-01-21,Applied
169,119,143,2025-07-19,Applied
170,399,106,2025-06-29,Applied
171,345,117,2025-07-07,Applied
172,934,159,2025-12-19,Applied
173,734,183,2025-11-30,Selected
174,770,167,2025-11-29,Rejected
175,13,187,2025-06-10,Rejected
176,868,200,2025-04-17,Selected
177,739,194,2025-05-30,Rejected
178,998,145,2026-03-23,Applied
179,360,137,2026-03-25,Applied
180,527,169,2026-03-14,Selected
181,726,176,2025-06-06,Applied
182,691,158,2025-07-05,Selected
183,643,171,2026-01-02,Rejected
184,115,179,2025-08-16,Applied
185,118,182,2025-11-05,Applied
186,276,107,2025-08-31,Applied
187,162,196,2025-08-26,Rejected
188,444,138,2025-10-24,Applied
189,355,145,2026-01-09,Rejected
190,333,165,2025-11-02,Selected
191,739,184,2025-11-29,Rejected
192,556,172,2025-11-14,Rejected
193,144,148,2025-06-10,Applied
194,577,167,2025-11-26,Selected
195,717,171,2025-05-19,Applied
196,272,186,2026-04-06,Applied
197,520,147,2025-12-06,Rejected
198,99,148,2026-03-05,Selected
199,687,108,2026-01-31,Rejected
200,844,114,2025-10-31,Rejected
201,191,177,2025-09-19,Rejected
202,911,156,2026-02-06,Selected
203,655,153,2026-01-17,Applied
204,166,163,2025-04-28,Applied
205,792,148,2026-02-11,Selected
206,932,200,2026-02-16,Selected
207,334,140,2025-08-20,Applied
208,745,130,2025-05-17,Rejected
209,248,178,2025-09-12,Rejected
210,446,169,2025-10-21,Applied
211,679,156,2025-08-12,Selected
212,963,176,2026-03-05,Rejected
213,835,149,2026-03-31,Applied
214,611,104,2025-10-08,Selected
215,499,196,2026-01-11,Applied
216,249,171,2026-01-23,Selected
217,733,175,2025-08-27,Selected
218,443,171,2025-05-13,Selected
219,252,154,2025-09-20,Selected
220,671,198,2025-06-04,Applied
221,307,130,2026-03-26,Rejected
222,492,160,2025-10-02,Selected
223,12,133,2025-07-15,Selected
224,723,140,2025-06-05,Applied
225,745,173,2025-12-03,Applied
226,590,148,2025-04-28,Applied
227,650,117,2025-07-11,Rejected
228,479,195,2025-07-24,Applied
229,768,180,2026-01-20,Rejected
230,68,154,2026-02-03,Rejected
231,386,107,2026-02-03,Selected
232,304,117,2025-06-13,Selected
233,356,122,2025-10-01,Applied
234,440,151,2026-03-12,Rejected
235,372,200,2026-04-01,Applied
236,588,193,2025-11-19,Rejected
237,954,156,2025-09-28,Applied
238,635,181,2025-12-09,Rejected
239,503,176,2025-11-17,Selected
240,537,162,2025-05-21,Rejected
241,214,175,2025-11-04,Rejected
242,247,171,2025-08-25,Applied
243,815,107,2025-10-08,Applied
244,252,165,2026-03-24,Applied
245,383,167,2025-12-23,Applied
246,806,107,2025-12-05,Rejected
247,210,104,2025-05-16,Rejected
248,662,167,2025-06-16,Applied
249,306,110,2025-07-19,Selected
250,963,119,2025-07-12,Applied
251,864,160,2026-01-03,Applied
252,163,145,2025-08-27,Selected
253,779,137,2025-07-18,Applied
254,998,102,2026-04-08,Selected
255,138,176,2025-07-23,Applied
256,438,118,2025-12-01,Applied
257,520,134,2026-04-05,Rejected
258,341,131,2025-12-07,Selected
259,459,177,2025-08-29,Selected
260,618,186,2025-11-30,Selected
261,767,147,2025-11-26,Rejected
262,353,149,2025-07-30,Rejected
263,999,138,2025-04-29,Rejected
264,207,115,2025-08-06,Rejected
265,628,176,2025-09-16,Applied
266,500,166,2025-09-08,Applied
267,939,134,2025-09-06,Rejected
268,690,104,2025-04-22,Applied
269,673,163,2025-06-28,Rejected
270,901,184,2025-06-22,Rejected
271,334,200,2025-08-17,Rejected
272,813,167,2026-03-18,Rejected
273,292,111,2026-03-19,Applied
274,577,130,2025-08-18,Rejected
275,720,146,2025-07-06,Rejected
276,853,169,2026-02-02,Rejected
277,431,151,2025-07-29,Selected
278,241,173,2025-10-09,Applied
279,50,105,2025-04-20,Rejected
280,891,109,2025-04-19,Rejected
281,259,119,2025-08-25,Rejected
282,957,153,2025-10-18,Applied
283,372,115,2026-04-10,Rejected
284,994,113,2025-12-12,Rejected
285,255,168,2025-07-19,Applied
286,153,151,2025-06-22,Selected
287,700,152,2026-01-02,Applied
288,79,133,2025-07-04,Applied
289,896,134,2025-06-19,Rejected
290,926,107,2026-02-15,Selected
291,170,182,2025-11-08,Applied
292,605,171,2025-09-16,Selected
293,502,126,2025-10-02,Rejected
294,714,132,2026-03-29,Applied
295,550,136,2026-02-13,Applied
296,929,180,2025-07-24,Rejected
297,927,181,2025-08-23,Applied
298,416,152,2025-12-03,Applied
299,179,161,2025-07-10,Applied
300,775,178,2025-04-25,Selected
301,72,127,2025-06-17,Rejected
302,867,105,2025-05-07,Selected
303,187,122,2025-12-01,Applied
304,83,136,2026-03-24,Rejected
305,713,104,2026-01-30,Selected
306,391,155,2025-12-31,Rejected
307,854,150,2025-08-19,Rejected
308,384,125,2025-10-22,Rejected
309,7,185,2025-08-30,Selected
310,103,141,2026-03-13,Selected
311,268,174,2025-09-27,Selected
312,327,191,2025-10-16,Applied
313,270,175,2025-08-30,Rejected
314,895,171,2025-05-22,Rejected
315,756,136,2025-11-27,Applied
316,844,124,2025-06-06,Rejected
317,268,157,2025-10-12,Applied
318,166,157,2025-12-03,Selected
319,908,165,2025-07-11,Rejected
320,746,179,2025-06-19,Applied
321,904,176,2026-02-02,Rejected
322,469,167,2025-07-06,Selected
323,466,108,2025-06-09,Selected
324,560,195,2025-08-03,Rejected
325,915,168,2025-08-17,Rejected
326,175,188,2025-08-10,Rejected
327,23,139,2025-12-21,Selected
328,985,119,2026-04-05,Applied
329,928,175,2025-09-30,Rejected
330,139,136,2025-09-17,Applied
331,932,154,2025-07-28,Rejected
332,63,111,2025-05-22,Selected
333,614,199,2025-11-26,Selected
334,694,136,2026-03-18,Selected
335,278,146,2025-11-05,Applied
336,549,194,2026-01-01,Selected
337,432,128,2025-06-05,Rejected
338,975,200,2025-09-26,Rejected
339,363,103,2026-02-02,Applied
340,498,143,2025-11-19,Selected
341,250,107,2026-03-14,Applied
342,75,109,2025-10-08,Applied
343,852,177,2025-10-09,Selected
344,832,124,2026-03-11,Applied
345,357,142,2026-01-03,Applied
346,417,123,2025-09-06,Rejected
347,612,180,2025-11-02,Rejected
348,508,117,2025-05-26,Applied
349,450,173,2025-06-07,Rejected
350,433,158,2025-10-03,Selected
351,368,107,2025-05-12,Applied
352,42,171,2025-10-25,Applied
353,432,191,2025-11-09,Rejected
354,362,158,2025-11-29,Selected
355,611,189,2026-01-29,Selected
356,552,156,2025-08-03,Applied
357,468,157,2025-04-30,Rejected
358,414,110,2025-07-10,Applied
359,495,169,2025-09-15,Selected
360,374,187,2025-12-26,Selected
361,820,175,2025-12-12,Selected
362,549,171,2025-07-09,Rejected
363,142,121,2026-03-04,Selected
364,147,172,2025-09-02,Rejected
365,44,142,2025-09-12,Applied
366,235,143,2025-10-20,Selected
367,642,118,2026-03-23,Selected
368,911,117,2025-07-30,Applied
369,518,158,2025-12-07,Selected
370,724,186,2026-02-13,Rejected
371,337,156,2025-12-01,Selected
372,774,121,2025-05-08,Selected
373,516,171,2025-12-20,Rejected
374,889,121,2025-09-13,Applied
375,859,150,2025-12-09,Applied
376,52,132,2025-08-03,Rejected
377,931,148,2026-01-05,Rejected
378,668,145,2025-12-21,Rejected
379,738,180,2025-04-25,Rejected
380,925,103,2026-03-29,Applied
381,450,171,2026-03-03,Rejected
382,885,141,2025-12-05,Applied
383,579,185,2025-11-05,Applied
384,245,131,2025-04-24,Rejected
385,855,151,2026-01-20,Rejected
386,183,164,2025-07-20,Applied
387,926,107,2025-10-20,Applied
388,443,179,2025-04-30,Applied
389,349,123,2025-12-07,Rejected
390,712,129,2026-01-08,Rejected
391,667,103,2026-03-13,Selected
392,53,103,2025-06-19,Rejected
393,339,187,2025-06-04,Rejected
394,396,105,2025-11-04,Rejected
395,546,112,2026-03-01,Applied
396,247,157,2026-02-02,Selected
397,30,117,2025-12-17,Selected
398,73,110,2025-06-18,Selected
399,212,129,2026-02-04,Applied
400,940,198,2025-07-16,Applied
401,171,113,2026-04-08,Applied
402,925,132,2026-03-18,Selected
403,865,150,2025-12-16,Applied
404,163,139,2025-12-14,Rejected
405,514,156,2025-08-03,Rejected
406,796,197,2025-12-27,Rejected
407,879,143,2025-09-28,Applied
408,864,166,2025-12-10,Applied
409,34,156,2026-04-02,Rejected
410,903,108,2025-04-22,Rejected
411,434,192,2025-07-14,Rejected
412,465,195,2026-03-02,Selected
413,493,119,2025-09-30,Applied
414,14,125,2025-12-10,Selected
415,597,187,2025-07-30,Rejected
416,895,122,2025-07-31,Applied
417,316,114,2026-03-25,Selected
418,869,165,2025-06-20,Selected
419,748,125,2025-10-13,Rejected
420,278,134,2025-10-27,Selected
421,98,167,2025-06-09,Rejected
422,578,140,2025-09-20,Applied
423,865,198,2025-07-18,Rejected
424,123,107,2026-02-23,Applied
425,351,156,2026-04-06,Rejected
426,225,130,2025-12-02,Applied
427,622,168,2025-09-16,Rejected
428,339,158,2025-11-14,Selected
429,440,185,2025-05-05,Applied
430,391,143,2025-11-14,Selected
431,991,135,2026-02-01,Selected
432,732,113,2025-04-29,Selected
433,63,138,2026-03-31,Rejected
434,385,132,2025-07-21,Selected
435,803,109,2025-10-08,Rejected
436,52,130,2025-08-08,Selected
437,786,169,2025-09-03,Rejected
438,255,128,2025-05-28,Applied
439,618,160,2026-02-12,Applied
440,98,183,2025-09-30,Applied
441,148,119,2025-08-30,Applied
442,253,114,2025-11-02,Applied
443,87,108,2026-02-27,Applied
444,945,163,2025-09-13,Applied
445,18,200,2025-07-20,Selected
446,405,134,2025-05-15,Selected
447,599,199,2026-04-01,Selected
448,219,167,2025-05-21,Selected
449,443,102,2025-10-21,Rejected
450,829,167,2026-04-09,Applied
451,509,119,2026-02-25,Selected
452,356,123,2025-07-16,Applied
453,419,163,2025-12-15,Selected
454,281,138,2025-07-14,Selected
455,114,187,2026-03-15,Selected
456,220,145,2026-03-30,Rejected
457,516,200,2025-12-12,Selected
458,536,131,2025-08-11,Rejected
459,9,120,2026-01-18,Applied
460,229,137,2025-06-29,Selected
461,520,142,2025-09-19,Selected
462,404,170,2025-10-05,Selected
463,799,109,2025-12-20,Applied
464,821,131,2025-04-23,Selected
465,349,172,2025-08-20,Applied
466,717,137,2025-07-09,Rejected
467,612,192,2025-09-03,Rejected
468,543,141,2025-10-29,Applied
469,111,182,2025-08-03,Rejected
470,381,114,2025-12-10,Selected
471,409,160,2025-08-25,Applied
472,531,124,2025-04-20,Applied
473,139,190,2026-04-12,Selected
474,152,135,2025-11-08,Applied
475,515,146,2025-12-04,Rejected
476,617,130,2025-12-22,Selected
477,830,149,2025-12-22,Rejected
478,745,188,2025-09-03,Applied
479,441,175,2026-03-12,Rejected
480,64,139,2025-05-31,Selected
481,828,101,2025-10-31,Applied
482,220,107,2025-06-04,Selected
483,844,157,2026-03-18,Applied
484,508,195,2025-07-29,Applied
485,92,190,2026-04-08,Applied
486,261,116,2025-06-23,Selected
487,168,140,2026-03-09,Applied
488,353,160,2025-07-25,Rejected
489,148,126,2025-10-24,Selected
490,568,113,2026-02-10,Selected
491,527,104,2025-07-13,Applied
492,313,153,2026-04-16,Rejected
493,30,181,2025-04-24,Applied
494,664,110,2025-07-14,Rejected
495,437,184,2025-09-05,Applied
496,255,122,2026-01-13,Applied
497,479,169,2025-05-18,Selected
498,251,151,2025-06-22,Rejected
499,169,109,2025-05-04,Applied
500,510,127,2025-04-26,Applied
501,172,169,2025-08-15,Selected
502,858,199,2026-02-26,Selected
503,307,142,2026-01-14,Rejected
504,741,174,2025-11-07,Rejected
505,810,147,2026-03-19,Applied
506,579,181,2025-08-24,Rejected
507,324,159,2025-10-04,Rejected
508,751,132,2026-02-26,Selected
509,616,182,2025-04-22,Rejected
510,621,168,2025-08-02,Rejected
511,570,147,2026-04-01,Rejected
512,611,183,2025-05-24,Selected
513,534,156,2025-10-20,Rejected
514,13,121,2025-05-20,Applied
515,23,196,2025-05-03,Rejected
516,440,169,2025-09-20,Selected
517,580,171,2025-05-15,Selected
518,787,199,2025-07-28,Applied
519,496,180,2026-02-26,Selected
520,832,162,2026-01-20,Applied
521,824,196,2025-07-03,Rejected
522,316,152,2025-05-26,Selected
523,665,129,2026-02-22,Rejected
524,935,143,2025-07-04,Selected
525,420,175,2025-12-02,Rejected
526,76,110,2026-02-28,Selected
527,528,159,2025-05-23,Selected
528,321,191,2026-03-25,Rejected
529,353,129,2025-11-27,Applied
530,996,174,2025-04-30,Rejected
531,582,162,2025-05-24,Rejected
532,320,148,2025-11-03,Applied
533,371,177,2025-10-09,Selected
534,186,122,2026-02-17,Applied
535,591,172,2025-04-24,Selected
536,299,149,2025-09-08,Rejected
537,402,153,2025-09-11,Rejected
538,588,194,2026-03-28,Rejected
539,425,184,2025-05-10,Rejected
540,12,105,2025-11-06,Applied
541,428,104,2026-03-20,Applied
542,422,125,2025-10-23,Applied
543,934,139,2025-10-26,Applied
544,110,151,2025-05-22,Applied
545,644,197,2025-08-23,Selected
546,936,145,2025-12-23,Selected
547,867,120,2026-01-27,Rejected
548,854,188,2025-06-12,Selected
549,890,194,2025-08-30,Rejected
550,324,113,2025-07-26,Selected
551,773,196,2025-06-10,Applied
552,65,110,2025-11-24,Applied
553,752,146,2025-05-09,Rejected
554,867,142,2026-02-01,Applied
555,183,134,2025-08-25,Applied
556,233,133,2025-08-21,Applied
557,720,125,2026-03-04,Applied
558,67,168,2025-06-16,Selected
559,144,106,2025-11-07,Applied
560,54,194,2025-12-10,Rejected
561,527,194,2025-05-14,Applied
562,133,184,2025-10-14,Selected
563,375,184,2025-12-13,Applied
564,966,128,2025-06-11,Selected
565,57,129,2025-06-25,Rejected
566,302,200,2025-05-08,Selected
567,854,106,2025-04-23,Applied
568,406,122,2026-02-18,Applied
569,588,172,2025-05-25,Rejected
570,616,199,2025-06-15,Rejected
571,354,101,2025-10-03,Selected
572,70,117,2025-05-17,Selected
573,998,175,2025-06-03,Selected
574,380,122,2025-08-08,Selected
575,515,108,2025-05-22,Selected
576,231,129,2025-07-12,Rejected
577,21,120,2025-12-21,Applied
578,76,178,2025-11-10,Selected
579,521,179,2025-09-05,Applied
580,108,197,2025-07-29,Selected
581,226,108,2025-12-27,Selected
582,483,166,2025-10-05,Applied
583,216,126,2025-12-03,Rejected
584,870,179,2026-02-12,Applied
585,635,146,2025-08-04,Applied
586,985,103,2025-09-07,Applied
587,869,171,2025-09-25,Selected
588,732,105,2025-11-07,Selected
589,982,172,2026-04-14,Applied
590,88,106,2025-08-09,Applied
591,474,192,2025-08-04,Applied
592,348,147,2025-06-01,Applied
593,694,144,2025-06-26,Applied
594,753,151,2025-09-22,Selected
595,221,194,2025-11-06,Applied
596,477,115,2025-12-14,Selected
597,269,106,2026-02-06,Selected
598,706,154,2026-01-05,Selected
599,760,184,2025-06-10,Selected
600,207,140,2025-11-24,Rejected
601,836,179,2025-07-09,Rejected
602,557,182,2025-12-09,Applied
603,623,126,2025-10-11,Selected
604,773,161,2025-11-06,Selected
605,960,108,2025-07-12,Selected
606,382,147,2025-05-24,Selected
607,458,117,2026-03-16,Rejected
608,612,166,2025-08-08,Applied
609,91,135,2025-07-10,Rejected
610,898,183,2025-06-03,Applied
611,232,166,2026-03-25,Applied
612,82,184,2025-09-18,Applied
613,204,190,2025-05-12,Selected
614,306,189,2025-07-13,Selected
615,977,114,2025-09-17,Applied
616,130,172,2026-02-17,Selected
617,973,169,2025-07-31,Selected
618,67,118,2026-01-04,Applied
619,953,195,2025-11-10,Applied
620,699,163,2026-04-04,Applied
621,285,193,2025-06-13,Applied
622,251,135,2025-06-12,Applied
623,220,124,2025-10-01,Applied
624,21,154,2025-04-24,Rejected
625,661,160,2025-08-22,Selected
626,597,183,2025-05-28,Rejected
627,542,118,2026-03-09,Applied
628,940,135,2026-03-04,Rejected
629,114,138,2026-01-17,Selected
630,604,154,2025-08-22,Applied
631,415,117,2025-05-12,Rejected
632,751,111,2025-05-29,Rejected
633,763,103,2025-09-04,Selected
634,997,124,2025-04-24,Selected
635,281,122,2025-09-11,Rejected
636,24,162,2025-07-11,Applied
637,714,175,2025-11-19,Applied
638,221,133,2025-11-02,Selected
639,335,160,2026-01-25,Selected
640,983,155,2025-09-08,Selected
641,943,125,2026-01-06,Rejected
642,603,119,2026-01-25,Selected
643,868,152,2026-03-04,Applied
644,910,175,2025-06-27,Applied
645,284,110,2025-06-23,Selected
646,831,145,2025-05-06,Applied
647,816,155,2026-04-10,Rejected
648,462,141,2025-09-07,Rejected
649,684,168,2025-08-15,Rejected
650,131,104,2025-07-06,Rejected
651,746,135,2025-06-25,Selected
652,107,111,2025-11-26,Selected
653,148,116,2025-09-01,Applied
654,567,172,2025-05-31,Rejected
655,917,130,2025-11-15,Rejected
656,795,193,2025-04-29,Selected
657,682,187,2025-06-02,Applied
658,459,131,2026-04-13,Selected
659,571,128,2026-03-02,Rejected
660,83,107,2026-03-22,Selected
661,208,185,2025-05-03,Selected
662,240,102,2026-03-11,Rejected
663,150,191,2025-11-16,Selected
664,548,192,2025-04-17,Selected
665,97,154,2025-07-09,Applied
666,18,177,2025-05-25,Rejected
667,258,165,2026-04-04,Rejected
668,146,168,2025-04-26,Selected
669,941,169,2025-11-17,Applied
670,918,195,2026-02-11,Applied
671,648,160,2026-02-26,Applied
672,499,128,2025-11-02,Rejected
673,90,109,2025-12-02,Applied
674,393,130,2025-07-08,Selected
675,506,151,2025-09-04,Rejected
676,743,122,2025-10-29,Selected
677,81,155,2025-10-30,Applied
678,630,159,2025-11-30,Rejected
679,216,111,2025-10-24,Selected
680,900,138,2025-09-14,Applied
681,238,122,2026-02-21,Selected
682,813,191,2025-09-09,Selected
683,775,134,2026-02-20,Applied
684,389,103,2025-07-16,Rejected
685,643,137,2026-01-08,Selected
686,962,139,2025-07-01,Rejected
687,568,126,2025-04-26,Applied
688,264,179,2025-07-31,Selected
689,876,158,2025-10-20,Selected
690,818,196,2026-04-05,Applied
691,312,151,2025-09-10,Applied
692,409,135,2025-10-21,Selected
693,554,199,2025-08-26,Applied
694,464,145,2026-01-19,Applied
695,972,112,2025-08-13,Selected
696,250,131,2026-01-06,Selected
697,641,155,2026-04-07,Selected
698,801,150,2026-03-18,Selected
699,790,110,2026-01-03,Rejected
700,392,186,2025-09-14,Applied
701,769,137,2026-04-04,Rejected
702,836,137,2025-06-09,Applied
703,196,143,2025-12-03,Applied
704,370,180,2025-06-18,Rejected
705,217,117,2026-03-25,Applied
706,350,111,2025-08-19,Applied
707,191,132,2026-02-13,Selected
708,379,183,2025-09-20,Rejected
709,480,165,2025-04-25,Selected
710,775,174,2025-08-31,Selected
711,236,154,2025-06-27,Applied
712,603,146,2025-11-18,Applied
713,850,111,2025-11-23,Selected
714,717,152,2026-02-28,Rejected
715,56,152,2025-11-18,Selected
716,283,183,2025-10-05,Selected
717,516,118,2026-03-25,Applied
718,312,163,2025-09-03,Selected
719,480,137,2025-11-03,Rejected
720,549,188,2025-05-25,Selected
721,308,133,2025-07-27,Applied
722,815,160,2026-01-31,Applied
723,705,109,2026-04-09,Applied
724,759,147,2026-04-16,Selected
725,977,132,2026-01-17,Selected
726,386,156,2025-10-24,Applied
727,623,144,2026-01-05,Applied
728,408,155,2025-05-26,Rejected
729,409,163,2026-02-02,Selected
730,407,144,2026-02-05,Rejected
731,875,174,2026-03-31,Selected
732,877,130,2025-12-23,Applied
733,599,142,2025-09-24,Selected
734,983,178,2025-12-24,Rejected
735,103,156,2025-08-08,Selected
736,917,187,2025-10-25,Rejected
737,269,153,2026-02-08,Selected
738,878,143,2026-01-04,Applied
739,171,102,2025-07-16,Applied
740,56,129,2025-04-27,Applied
741,69,163,2025-05-03,Rejected
742,923,104,2025-08-10,Applied
743,16,189,2026-01-05,Rejected
744,905,142,2025-08-27,Applied
745,537,176,2026-02-21,Selected
746,299,162,2026-03-06,Selected
747,313,164,2026-02-12,Applied
748,910,145,2025-08-30,Selected
749,205,126,2026-02-25,Rejected
750,411,125,2025-10-27,Selected
751,99,183,2025-10-26,Rejected
752,611,161,2025-04-19,Applied
753,114,193,2025-09-06,Rejected
754,454,181,2025-10-14,Rejected
755,116,116,2025-07-27,Applied
756,910,190,2026-01-10,Selected
757,695,159,2025-10-13,Selected
758,533,164,2026-01-06,Applied
759,47,191,2025-12-30,Selected
760,359,123,2026-02-18,Selected
761,583,160,2025-05-22,Rejected
762,141,182,2025-08-26,Applied
763,500,158,2025-08-27,Applied
764,384,131,2026-03-29,Rejected
765,710,154,2026-02-12,Selected
766,259,178,2025-09-01,Rejected
767,675,137,2025-06-27,Selected
768,774,192,2025-08-08,Applied
769,210,172,2025-08-31,Applied
770,421,104,2025-08-21,Rejected
771,385,173,2025-09-15,Rejected
772,494,131,2025-06-28,Applied
773,800,195,2026-03-30,Applied
774,247,126,2025-05-27,Applied
775,397,190,2026-02-20,Applied
776,602,155,2025-11-18,Selected
777,865,183,2026-03-12,Rejected
778,955,103,2025-11-06,Rejected
779,271,110,2025-12-18,Selected
780,697,177,2025-08-18,Applied
781,752,116,2025-08-01,Applied
782,938,141,2025-10-08,Rejected
783,768,109,2025-04-26,Applied
784,802,106,2025-12-07,Applied
785,611,161,2026-03-09,Selected
786,461,115,2025-04-18,Applied
787,288,143,2025-05-20,Selected
788,295,139,2025-10-21,Rejected
789,932,113,2025-09-04,Applied
790,333,103,2025-12-13,Selected
791,767,165,2026-03-18,Rejected
792,42,149,2025-11-14,Selected
793,956,119,2025-05-14,Applied
794,341,177,2025-08-23,Applied
795,63,162,2025-08-03,Applied
796,59,166,2025-09-29,Selected
797,391,181,2026-02-09,Rejected
798,635,172,2025-06-15,Rejected
799,661,159,2026-04-09,Rejected
800,755,188,2025-07-06,Selected
801,529,139,2025-11-18,Selected
802,291,146,2025-10-01,Applied
803,387,179,2025-10-08,Rejected
804,55,115,2025-06-10,Rejected
805,536,179,2026-04-14,Selected
806,412,142,2025-08-11,Selected
807,414,174,2025-04-22,Rejected
808,631,172,2026-04-09,Applied
809,437,157,2025-06-28,Rejected
810,130,113,2026-04-02,Selected
811,557,144,2025-12-24,Selected
812,592,106,2025-07-30,Selected
813,486,119,2025-06-11,Selected
814,644,158,2025-08-29,Selected
815,666,116,2025-06-07,Applied
816,364,171,2025-05-22,Selected
817,68,114,2026-01-04,Applied
818,228,146,2025-05-25,Applied
819,283,128,2025-04-24,Rejected
820,752,149,2025-05-02,Applied
821,758,114,2025-06-12,Applied
822,949,104,2025-10-15,Selected
823,994,177,2025-07-07,Applied
824,882,129,2025-12-28,Selected
825,486,131,2026-01-11,Selected
826,427,102,2026-02-19,Selected
827,64,153,2025-09-18,Applied
828,175,156,2026-01-04,Applied
829,646,153,2025-04-20,Applied
830,407,164,2026-03-31,Selected
831,89,177,2025-09-06,Rejected
832,666,164,2025-11-12,Applied
833,209,104,2025-11-06,Rejected
834,676,101,2026-03-13,Applied
835,283,162,2026-01-11,Selected
836,906,140,2025-08-11,Rejected
837,320,142,2025-12-24,Rejected
838,135,149,2025-10-24,Selected
839,202,172,2025-07-12,Selected
840,670,110,2025-10-24,Selected
841,203,130,2025-12-04,Applied
842,228,167,2025-09-06,Selected
843,878,109,2025-08-01,Selected
844,199,121,2025-10-01,Rejected
845,448,160,2025-10-16,Selected
846,347,113,2026-02-18,Selected
847,822,191,2025-04-28,Selected
848,1,116,2026-01-13,Applied
849,411,172,2025-09-16,Applied
850,356,167,2025-08-11,Applied
851,736,113,2025-11-11,Selected
852,767,162,2025-07-05,Selected
853,300,157,2026-02-18,Applied
854,575,105,2026-03-28,Applied
855,853,169,2026-02-16,Selected
856,355,117,2025-04-20,Rejected
857,70,182,2026-03-07,Rejected
858,500,112,2025-11-30,Rejected
859,81,152,2025-10-04,Selected
860,705,145,2025-10-29,Rejected
861,265,127,2025-09-21,Applied
862,259,149,2025-10-20,Applied
863,459,150,2026-03-27,Applied
864,206,192,2025-05-09,Applied
865,476,180,2025-09-14,Rejected
866,51,121,2026-03-22,Applied
867,93,114,2025-09-11,Applied
868,236,110,2025-06-05,Rejected
869,583,112,2026-03-17,Selected
870,701,112,2026-03-19,Rejected
871,638,143,2025-11-27,Rejected
872,391,145,2026-03-22,Rejected
873,739,133,2025-11-05,Applied
874,233,168,2025-09-16,Selected
875,191,133,2025-05-26,Applied
876,985,121,2025-11-06,Selected
877,108,140,2025-04-24,Selected
878,23,182,2025-10-22,Rejected
879,913,124,2025-11-23,Applied
880,752,165,2026-01-27,Rejected
881,539,137,2025-07-13,Applied
882,389,176,2025-07-23,Applied
883,221,192,2025-08-19,Selected
884,120,104,2025-04-26,Applied
885,820,109,2025-08-26,Applied
886,915,164,2025-05-29,Applied
887,750,108,2026-01-24,Selected
888,956,145,2025-07-12,Rejected
889,804,124,2026-03-01,Applied
890,942,189,2025-09-25,Selected
891,610,108,2026-01-19,Applied
892,777,118,2026-04-01,Rejected
893,510,110,2025-07-03,Rejected
894,826,120,2025-07-19,Selected
895,194,185,2025-09-06,Selected
896,273,188,2026-02-03,Selected
897,486,138,2025-11-02,Selected
898,564,171,2026-01-12,Selected
899,909,116,2025-09-07,Applied
900,559,140,2025-12-05,Selected
901,320,143,2025-09-16,Selected
902,306,162,2025-04-24,Rejected
903,531,124,2025-07-31,Applied
904,972,138,2025-08-12,Applied
905,218,150,2025-10-08,Rejected
906,811,109,2025-08-27,Rejected
907,913,136,2025-08-04,Rejected
908,491,188,2026-01-29,Rejected
909,872,136,2026-01-15,Selected
910,197,120,2025-09-16,Rejected
911,706,140,2026-01-13,Selected
912,413,156,2025-12-25,Selected
913,104,153,2026-01-04,Selected
914,315,179,2026-03-12,Applied
915,332,193,2026-01-22,Applied
916,498,108,2025-04-29,Selected
917,681,120,2026-04-15,Selected
918,333,188,2026-01-11,Selected
919,455,161,2026-02-28,Selected
920,935,134,2026-02-01,Rejected
921,954,120,2025-10-25,Rejected
922,448,186,2025-10-20,Applied
923,4,163,2026-03-05,Applied
924,392,145,2026-01-21,Applied
925,930,139,2025-11-13,Selected
926,430,134,2025-11-25,Applied
927,691,191,2025-10-18,Applied
928,31,132,2025-05-29,Applied
929,653,154,2025-05-12,Applied
930,651,127,2025-09-30,Rejected
931,289,188,2025-06-30,Rejected
932,131,181,2025-11-10,Selected
933,488,163,2025-06-05,Rejected
934,932,164,2025-08-21,Applied
935,834,106,2025-11-26,Selected
936,716,126,2025-10-25,Selected
937,120,163,2025-07-24,Selected
938,586,200,2025-12-29,Selected
939,136,120,2026-01-12,Selected
940,252,107,2025-08-18,Selected
941,713,135,2025-12-13,Applied
942,651,131,2025-11-01,Rejected
943,459,156,2026-01-01,Applied
944,487,154,2025-04-30,Rejected
945,153,126,2026-04-07,Applied
946,798,142,2026-04-16,Applied
947,700,183,2025-09-11,Selected
948,423,114,2026-03-03,Applied
949,211,131,2026-03-30,Applied
950,407,167,2026-04-03,Applied
951,641,129,2025-12-19,Selected
952,713,186,2025-05-26,Rejected
953,341,149,2025-11-29,Rejected
954,314,141,2025-11-09,Rejected
955,108,145,2026-02-23,Applied
956,715,106,2026-03-20,Rejected
957,473,122,2026-02-26,Rejected
958,530,194,2025-11-10,Applied
959,687,103,2025-10-10,Selected
960,343,174,2025-08-10,Rejected
961,162,128,2026-01-14,Rejected
962,688,147,2025-06-18,Applied
963,142,106,2026-03-30,Applied
964,84,193,2026-04-02,Rejected
965,439,106,2026-04-17,Applied
966,216,136,2025-11-01,Rejected
967,999,159,2026-02-21,Rejected
968,151,107,2025-07-20,Applied
969,17,115,2026-01-30,Applied
970,375,126,2026-03-06,Applied
971,495,140,2025-08-26,Applied
972,571,173,2025-05-19,Applied
973,590,187,2025-05-10,Applied
974,2,107,2025-06-25,Rejected
975,458,182,2026-04-15,Applied
976,374,181,2025-07-18,Selected
977,16,164,2025-05-04,Rejected
978,23,131,2025-10-14,Rejected
979,430,187,2026-03-05,Applied
980,706,182,2025-12-05,Rejected
981,845,130,2025-06-19,Applied
982,465,163,2025-06-01,Selected
983,728,121,2026-02-20,Rejected
984,247,176,2025-08-13,Rejected
985,140,119,2025-06-15,Rejected
986,798,175,2025-05-08,Rejected
987,623,175,2025-10-09,Applied
988,590,177,2025-08-19,Applied
989,270,138,2025-05-16,Applied
990,146,165,2025-10-27,Selected
991,962,113,2026-03-20,Selected
992,562,166,2026-01-27,Rejected
993,12,171,2025-04-20,Selected
994,702,138,2025-11-24,Selected
995,33,139,2025-08-28,Applied
996,426,109,2025-09-22,Rejected
997,902,132,2025-06-10,Applied
998,586,173,2025-06-18,Selected
999,606,105,2025-12-30,Applied
1000,307,192,2026-04-13,Rejected
