result_id,candidate_id,exam_id,marks,rank,status
1,1,213,86,343,Pass
2,2,216,60,302,Pass
3,3,256,31,138,Fail
4,4,288,56,335,Pass
5,5,295,35,98,Fail
6,6,205,85,415,Pass
7,7,244,42,226,Fail
8,8,285,79,354,Pass
9,9,299,52,156,Pass
10,10,236,55,337,Pass
11,11,231,53,274,Pass
12,12,236,55,414,Pass
13,13,285,100,169,Pass
14,14,205,91,490,Pass
15,15,260,94,405,Pass
16,16,287,81,62,Pass
17,17,213,94,326,Pass
18,18,285,46,19,Fail
19,19,206,79,269,Pass
20,20,220,73,331,Pass
21,21,278,51,388,Pass
22,22,256,99,224,Pass
23,23,280,31,312,Fail
24,24,278,38,453,Fail
25,25,244,47,40,Fail
26,26,278,48,439,Fail
27,27,202,96,115,Pass
28,28,290,61,363,Pass
29,29,250,83,224,Pass
30,30,218,78,165,Pass
31,31,266,89,161,Pass
32,32,285,54,183,Pass
33,33,238,87,386,Pass
34,34,218,66,387,Pass
35,35,208,99,295,Pass
36,36,226,46,401,Fail
37,37,225,91,29,Pass
38,38,287,41,459,Fail
39,39,271,45,296,Fail
40,40,256,69,411,Pass
41,41,231,56,103,Pass
42,42,252,75,422,Pass
43,43,295,53,406,Pass
44,44,237,85,238,Pass
45,45,279,96,500,Pass
46,46,260,45,259,Fail
47,47,253,71,329,Pass
48,48,211,54,427,Pass
49,49,272,67,419,Pass
50,50,293,49,84,Fail
51,51,270,91,91,Pass
52,52,283,43,2,Fail
53,53,233,85,154,Pass
54,54,292,94,97,Pass
55,55,259,48,64,Fail
56,56,221,100,409,Pass
57,57,289,35,430,Fail
58,58,218,31,410,Fail
59,59,234,41,26,Fail
60,60,287,57,21,Pass
61,61,273,66,122,Pass
62,62,260,82,423,Pass
63,63,209,31,410,Fail
64,64,224,36,331,Fail
65,65,297,50,332,Pass
66,66,244,58,1,Pass
67,67,282,70,104,Pass
68,68,218,60,174,Pass
69,69,300,54,195,Pass
70,70,209,55,230,Pass
71,71,247,96,180,Pass
72,72,203,82,351,Pass
73,73,207,81,180,Pass
74,74,250,60,419,Pass
75,75,262,79,393,Pass
76,76,264,80,386,Pass
77,77,259,38,157,Fail
78,78,275,42,220,Fail
79,79,201,98,8,Pass
80,80,201,43,251,Fail
81,81,264,82,464,Pass
82,82,292,95,178,Pass
83,83,207,82,162,Pass
84,84,203,88,107,Pass
85,85,262,66,34,Pass
86,86,298,45,367,Fail
87,87,265,85,421,Pass
88,88,274,99,299,Pass
89,89,253,39,1,Fail
90,90,250,90,128,Pass
91,91,283,85,286,Pass
92,92,232,68,100,Pass
93,93,287,44,366,Fail
94,94,269,93,167,Pass
95,95,288,33,495,Fail
96,96,293,42,209,Fail
97,97,289,83,471,Pass
98,98,206,43,203,Fail
99,99,252,95,6,Pass
100,100,300,70,442,Pass
101,101,298,84,497,Pass
102,102,227,49,478,Fail
103,103,217,32,391,Fail
104,104,248,60,72,Pass
105,105,209,64,167,Pass
106,106,295,87,348,Pass
107,107,281,69,69,Pass
108,108,219,32,295,Fail
109,109,270,85,375,Pass
110,110,298,54,196,Pass
111,111,282,89,408,Pass
112,112,239,38,391,Fail
113,113,246,30,298,Fail
114,114,287,62,319,Pass
115,115,270,77,264,Pass
116,116,203,54,319,Pass
117,117,228,80,359,Pass
118,118,216,55,451,Pass
119,119,287,33,147,Fail
120,120,204,50,134,Pass
121,121,245,89,240,Pass
122,122,292,94,218,Pass
123,123,289,31,133,Fail
124,124,288,61,171,Pass
125,125,207,44,413,Fail
126,126,269,82,192,Pass
127,127,297,93,217,Pass
128,128,219,99,153,Pass
129,129,288,41,450,Fail
130,130,257,99,85,Pass
131,131,259,93,47,Pass
132,132,295,67,417,Pass
133,133,289,95,178,Pass
134,134,269,35,467,Fail
135,135,243,65,250,Pass
136,136,270,95,12,Pass
137,137,249,47,155,Fail
138,138,217,70,26,Pass
139,139,223,58,187,Pass
140,140,218,96,444,Pass
141,141,250,80,472,Pass
142,142,205,50,256,Pass
143,143,218,59,450,Pass
144,144,238,43,469,Fail
145,145,280,82,228,Pass
146,146,239,53,403,Pass
147,147,271,96,46,Pass
148,148,232,83,410,Pass
149,149,239,49,498,Fail
150,150,285,94,274,Pass
151,151,208,67,425,Pass
152,152,272,45,282,Fail
153,153,298,91,127,Pass
154,154,247,73,157,Pass
155,155,216,76,414,Pass
156,156,207,34,218,Fail
157,157,205,50,73,Pass
158,158,282,45,379,Fail
159,159,235,81,223,Pass
160,160,226,60,42,Pass
161,161,223,61,119,Pass
162,162,250,39,378,Fail
163,163,256,97,448,Pass
164,164,286,59,451,Pass
165,165,272,92,109,Pass
166,166,238,63,305,Pass
167,167,213,35,189,Fail
168,168,246,60,143,Pass
169,169,268,55,230,Pass
170,170,201,59,419,Pass
171,171,203,35,401,Fail
172,172,232,97,71,Pass
173,173,273,88,33,Pass
174,174,255,83,143,Pass
175,175,244,74,453,Pass
176,176,218,60,64,Pass
177,177,245,80,172,Pass
178,178,246,42,242,Fail
179,179,248,86,262,Pass
180,180,278,84,48,Pass
181,181,276,44,412,Fail
182,182,201,82,59,Pass
183,183,257,84,122,Pass
184,184,251,74,438,Pass
185,185,285,79,204,Pass
186,186,226,83,285,Pass
187,187,248,59,108,Pass
188,188,261,91,397,Pass
189,189,216,81,207,Pass
190,190,217,61,228,Pass
191,191,268,79,216,Pass
192,192,208,43,15,Fail
193,193,300,40,459,Fail
194,194,223,59,292,Pass
195,195,208,30,9,Fail
196,196,292,82,454,Pass
197,197,272,63,360,Pass
198,198,238,46,316,Fail
199,199,223,88,429,Pass
200,200,261,52,485,Pass
201,201,265,35,360,Fail
202,202,271,36,129,Fail
203,203,202,78,89,Pass
204,204,289,69,446,Pass
205,205,254,95,161,Pass
206,206,217,74,90,Pass
207,207,265,90,355,Pass
208,208,277,49,186,Fail
209,209,299,56,253,Pass
210,210,213,56,365,Pass
211,211,267,53,101,Pass
212,212,284,42,252,Fail
213,213,204,55,250,Pass
214,214,233,51,466,Pass
215,215,248,41,130,Fail
216,216,239,78,407,Pass
217,217,233,89,440,Pass
218,218,243,32,239,Fail
219,219,207,87,244,Pass
220,220,208,91,51,Pass
221,221,241,64,26,Pass
222,222,234,77,376,Pass
223,223,218,30,121,Fail
224,224,250,40,339,Fail
225,225,272,49,264,Fail
226,226,220,58,398,Pass
227,227,240,97,179,Pass
228,228,227,90,407,Pass
229,229,228,37,219,Fail
230,230,239,87,95,Pass
231,231,260,74,165,Pass
232,232,223,75,390,Pass
233,233,264,73,275,Pass
234,234,216,40,5,Fail
235,235,269,91,449,Pass
236,236,202,91,364,Pass
237,237,223,91,343,Pass
238,238,270,61,35,Pass
239,239,204,85,357,Pass
240,240,221,38,227,Fail
241,241,250,44,399,Fail
242,242,254,35,46,Fail
243,243,252,72,120,Pass
244,244,260,44,349,Fail
245,245,277,77,140,Pass
246,246,285,61,477,Pass
247,247,265,69,134,Pass
248,248,291,44,467,Fail
249,249,286,77,16,Pass
250,250,273,87,286,Pass
251,251,201,55,347,Pass
252,252,220,67,55,Pass
253,253,278,52,395,Pass
254,254,218,70,421,Pass
255,255,254,74,77,Pass
256,256,295,67,398,Pass
257,257,262,73,9,Pass
258,258,261,55,278,Pass
259,259,241,97,364,Pass
260,260,268,64,300,Pass
261,261,218,50,480,Pass
262,262,256,47,481,Fail
263,263,238,39,9,Fail
264,264,300,44,435,Fail
265,265,217,97,235,Pass
266,266,211,90,176,Pass
267,267,256,38,213,Fail
268,268,213,49,455,Fail
269,269,247,60,143,Pass
270,270,283,86,314,Pass
271,271,223,86,159,Pass
272,272,272,47,457,Fail
273,273,269,53,413,Pass
274,274,223,41,252,Fail
275,275,203,38,104,Fail
276,276,224,44,270,Fail
277,277,284,47,59,Fail
278,278,273,41,290,Fail
279,279,256,59,359,Pass
280,280,206,56,294,Pass
281,281,221,87,496,Pass
282,282,221,46,226,Fail
283,283,248,48,144,Fail
284,284,214,90,303,Pass
285,285,273,54,244,Pass
286,286,299,74,293,Pass
287,287,253,61,321,Pass
288,288,210,88,258,Pass
289,289,262,34,334,Fail
290,290,267,53,468,Pass
291,291,268,90,250,Pass
292,292,270,88,70,Pass
293,293,265,53,261,Pass
294,294,280,80,20,Pass
295,295,289,54,127,Pass
296,296,294,98,346,Pass
297,297,253,35,193,Fail
298,298,217,59,459,Pass
299,299,206,61,38,Pass
300,300,252,81,485,Pass
301,301,270,46,62,Fail
302,302,222,38,430,Fail
303,303,219,45,186,Fail
304,304,233,57,457,Pass
305,305,215,74,298,Pass
306,306,250,61,336,Pass
307,307,299,72,438,Pass
308,308,239,100,74,Pass
309,309,208,50,131,Pass
310,310,230,50,348,Pass
311,311,243,89,231,Pass
312,312,296,39,488,Fail
313,313,235,77,306,Pass
314,314,228,61,345,Pass
315,315,272,39,445,Fail
316,316,232,54,463,Pass
317,317,246,87,449,Pass
318,318,206,86,43,Pass
319,319,269,68,269,Pass
320,320,244,47,315,Fail
321,321,280,81,402,Pass
322,322,298,52,427,Pass
323,323,204,94,318,Pass
324,324,293,37,152,Fail
325,325,224,57,29,Pass
326,326,273,75,64,Pass
327,327,286,94,25,Pass
328,328,294,61,468,Pass
329,329,250,76,168,Pass
330,330,295,39,59,Fail
331,331,272,43,439,Fail
332,332,222,86,469,Pass
333,333,293,98,153,Pass
334,334,217,66,365,Pass
335,335,223,39,82,Fail
336,336,237,71,23,Pass
337,337,206,46,342,Fail
338,338,252,76,85,Pass
339,339,221,75,68,Pass
340,340,281,78,19,Pass
341,341,201,68,237,Pass
342,342,285,91,165,Pass
343,343,250,74,445,Pass
344,344,204,42,349,Fail
345,345,233,93,421,Pass
346,346,247,31,489,Fail
347,347,236,40,292,Fail
348,348,236,34,105,Fail
349,349,207,65,383,Pass
350,350,245,36,471,Fail
351,351,237,64,204,Pass
352,352,226,42,451,Fail
353,353,211,54,38,Pass
354,354,204,99,55,Pass
355,355,276,69,384,Pass
356,356,290,37,41,Fail
357,357,293,59,35,Pass
358,358,300,38,280,Fail
359,359,223,50,78,Pass
360,360,240,92,307,Pass
361,361,254,68,249,Pass
362,362,209,98,338,Pass
363,363,267,47,61,Fail
364,364,238,37,497,Fail
365,365,250,56,440,Pass
366,366,205,40,465,Fail
367,367,229,39,494,Fail
368,368,263,75,204,Pass
369,369,288,53,396,Pass
370,370,299,34,432,Fail
371,371,278,77,454,Pass
372,372,267,72,344,Pass
373,373,279,95,194,Pass
374,374,285,71,359,Pass
375,375,238,37,475,Fail
376,376,219,72,489,Pass
377,377,204,69,118,Pass
378,378,227,40,44,Fail
379,379,205,100,208,Pass
380,380,292,53,174,Pass
381,381,203,50,27,Pass
382,382,250,42,67,Fail
383,383,299,51,154,Pass
384,384,269,40,382,Fail
385,385,249,72,391,Pass
386,386,221,93,404,Pass
387,387,292,86,254,Pass
388,388,242,47,348,Fail
389,389,231,32,363,Fail
390,390,274,32,201,Fail
391,391,207,55,151,Pass
392,392,218,77,473,Pass
393,393,257,83,195,Pass
394,394,245,100,222,Pass
395,395,230,63,468,Pass
396,396,223,44,390,Fail
397,397,224,47,174,Fail
398,398,205,41,352,Fail
399,399,259,60,295,Pass
400,400,215,30,164,Fail
401,401,254,43,228,Fail
402,402,229,52,450,Pass
403,403,284,72,192,Pass
404,404,209,50,36,Pass
405,405,287,45,454,Fail
406,406,267,79,444,Pass
407,407,272,64,28,Pass
408,408,256,61,33,Pass
409,409,289,35,183,Fail
410,410,203,57,118,Pass
411,411,281,80,80,Pass
412,412,224,83,12,Pass
413,413,294,73,411,Pass
414,414,223,47,146,Fail
415,415,255,57,239,Pass
416,416,297,95,184,Pass
417,417,263,87,120,Pass
418,418,261,44,50,Fail
419,419,272,89,110,Pass
420,420,286,87,293,Pass
421,421,216,82,83,Pass
422,422,244,83,200,Pass
423,423,244,64,328,Pass
424,424,248,95,294,Pass
425,425,251,98,255,Pass
426,426,278,79,24,Pass
427,427,230,49,392,Fail
428,428,243,89,102,Pass
429,429,235,36,151,Fail
430,430,221,78,382,Pass
431,431,224,68,450,Pass
432,432,271,89,448,Pass
433,433,226,50,452,Pass
434,434,236,93,230,Pass
435,435,228,51,177,Pass
436,436,211,34,199,Fail
437,437,278,77,462,Pass
438,438,217,33,267,Fail
439,439,201,50,98,Pass
440,440,266,64,125,Pass
441,441,211,52,182,Pass
442,442,258,75,422,Pass
443,443,270,51,480,Pass
444,444,266,58,88,Pass
445,445,231,71,337,Pass
446,446,263,31,483,Fail
447,447,274,58,297,Pass
448,448,252,82,71,Pass
449,449,229,81,388,Pass
450,450,207,44,487,Fail
451,451,230,95,397,Pass
452,452,276,56,353,Pass
453,453,246,82,277,Pass
454,454,208,46,53,Fail
455,455,298,78,230,Pass
456,456,251,79,72,Pass
457,457,291,76,336,Pass
458,458,225,35,299,Fail
459,459,207,90,111,Pass
460,460,248,33,272,Fail
461,461,225,81,95,Pass
462,462,284,88,308,Pass
463,463,210,92,469,Pass
464,464,207,97,186,Pass
465,465,210,83,403,Pass
466,466,224,76,499,Pass
467,467,253,99,362,Pass
468,468,270,99,250,Pass
469,469,285,37,495,Fail
470,470,233,50,170,Pass
471,471,241,89,343,Pass
472,472,248,89,139,Pass
473,473,293,86,248,Pass
474,474,271,42,277,Fail
475,475,288,48,273,Fail
476,476,272,48,197,Fail
477,477,246,86,9,Pass
478,478,281,58,139,Pass
479,479,255,47,320,Fail
480,480,284,46,416,Fail
481,481,297,42,115,Fail
482,482,260,85,325,Pass
483,483,233,37,314,Fail
484,484,222,73,424,Pass
485,485,212,74,359,Pass
486,486,294,34,310,Fail
487,487,255,32,303,Fail
488,488,218,96,54,Pass
489,489,216,83,304,Pass
490,490,231,88,154,Pass
491,491,207,31,389,Fail
492,492,281,72,487,Pass
493,493,221,93,396,Pass
494,494,284,88,74,Pass
495,495,265,47,477,Fail
496,496,229,65,461,Pass
497,497,250,90,280,Pass
498,498,241,81,88,Pass
499,499,295,55,174,Pass
500,500,287,98,395,Pass
501,501,299,47,40,Fail
502,502,248,94,231,Pass
503,503,224,77,348,Pass
504,504,267,68,109,Pass
505,505,234,64,474,Pass
506,506,251,63,177,Pass
507,507,227,63,116,Pass
508,508,208,86,173,Pass
509,509,221,97,242,Pass
510,510,255,63,477,Pass
511,511,295,81,18,Pass
512,512,300,94,211,Pass
513,513,248,82,222,Pass
514,514,286,98,279,Pass
515,515,228,60,227,Pass
516,516,270,39,497,Fail
517,517,237,68,43,Pass
518,518,221,85,185,Pass
519,519,217,93,268,Pass
520,520,244,57,451,Pass
521,521,296,39,249,Fail
522,522,277,83,418,Pass
523,523,264,51,373,Pass
524,524,205,97,144,Pass
525,525,251,66,402,Pass
526,526,274,74,257,Pass
527,527,209,54,280,Pass
528,528,296,61,325,Pass
529,529,229,88,435,Pass
530,530,278,43,94,Fail
531,531,232,51,88,Pass
532,532,266,48,307,Fail
533,533,253,68,324,Pass
534,534,219,75,1,Pass
535,535,271,42,345,Fail
536,536,276,36,22,Fail
537,537,260,88,334,Pass
538,538,250,65,127,Pass
539,539,217,44,427,Fail
540,540,285,83,417,Pass
541,541,236,55,157,Pass
542,542,282,68,223,Pass
543,543,228,58,63,Pass
544,544,241,40,464,Fail
545,545,229,49,445,Fail
546,546,215,77,219,Pass
547,547,220,32,15,Fail
548,548,248,78,391,Pass
549,549,222,31,408,Fail
550,550,207,90,60,Pass
551,551,299,39,407,Fail
552,552,211,58,88,Pass
553,553,261,46,66,Fail
554,554,242,98,122,Pass
555,555,235,95,75,Pass
556,556,201,71,173,Pass
557,557,215,42,344,Fail
558,558,219,71,344,Pass
559,559,231,91,414,Pass
560,560,201,68,351,Pass
561,561,222,67,319,Pass
562,562,229,41,317,Fail
563,563,236,64,324,Pass
564,564,228,47,367,Fail
565,565,290,62,289,Pass
566,566,272,50,468,Pass
567,567,295,61,306,Pass
568,568,246,52,2,Pass
569,569,265,76,210,Pass
570,570,213,57,123,Pass
571,571,244,46,177,Fail
572,572,228,71,386,Pass
573,573,211,65,122,Pass
574,574,237,31,133,Fail
575,575,256,77,300,Pass
576,576,224,83,492,Pass
577,577,288,98,231,Pass
578,578,290,100,488,Pass
579,579,268,100,414,Pass
580,580,222,51,328,Pass
581,581,284,33,102,Fail
582,582,271,32,369,Fail
583,583,232,89,388,Pass
584,584,262,45,327,Fail
585,585,202,68,222,Pass
586,586,263,86,73,Pass
587,587,264,74,170,Pass
588,588,226,66,138,Pass
589,589,278,58,288,Pass
590,590,239,48,351,Fail
591,591,241,89,474,Pass
592,592,232,76,162,Pass
593,593,201,31,257,Fail
594,594,230,65,237,Pass
595,595,291,55,489,Pass
596,596,252,54,374,Pass
597,597,210,82,348,Pass
598,598,255,41,163,Fail
599,599,213,30,252,Fail
600,600,239,58,452,Pass
601,601,243,82,140,Pass
602,602,217,56,368,Pass
603,603,242,81,220,Pass
604,604,231,97,94,Pass
605,605,231,40,288,Fail
606,606,222,35,217,Fail
607,607,273,100,255,Pass
608,608,205,37,224,Fail
609,609,259,39,52,Fail
610,610,296,52,425,Pass
611,611,202,62,186,Pass
612,612,245,75,212,Pass
613,613,249,93,181,Pass
614,614,269,57,489,Pass
615,615,250,57,86,Pass
616,616,227,89,455,Pass
617,617,213,85,236,Pass
618,618,214,43,455,Fail
619,619,270,75,473,Pass
620,620,263,51,451,Pass
621,621,274,43,418,Fail
622,622,229,61,205,Pass
623,623,242,80,178,Pass
624,624,239,34,406,Fail
625,625,293,83,106,Pass
626,626,290,95,73,Pass
627,627,251,77,312,Pass
628,628,203,100,54,Pass
629,629,224,73,72,Pass
630,630,294,30,223,Fail
631,631,240,63,393,Pass
632,632,245,47,473,Fail
633,633,289,65,278,Pass
634,634,283,71,158,Pass
635,635,210,69,80,Pass
636,636,263,86,398,Pass
637,637,226,59,149,Pass
638,638,268,94,75,Pass
639,639,225,48,400,Fail
640,640,203,54,120,Pass
641,641,226,61,100,Pass
642,642,224,65,408,Pass
643,643,228,93,105,Pass
644,644,235,67,11,Pass
645,645,246,47,381,Fail
646,646,232,95,256,Pass
647,647,249,83,325,Pass
648,648,260,91,442,Pass
649,649,263,46,407,Fail
650,650,241,90,262,Pass
651,651,300,38,170,Fail
652,652,220,39,350,Fail
653,653,298,70,362,Pass
654,654,266,92,188,Pass
655,655,296,71,285,Pass
656,656,242,57,69,Pass
657,657,275,43,115,Fail
658,658,283,78,75,Pass
659,659,210,51,498,Pass
660,660,256,54,179,Pass
661,661,233,56,447,Pass
662,662,204,73,211,Pass
663,663,208,94,392,Pass
664,664,295,70,290,Pass
665,665,266,73,333,Pass
666,666,253,42,421,Fail
667,667,255,52,300,Pass
668,668,263,93,352,Pass
669,669,229,32,370,Fail
670,670,297,33,427,Fail
671,671,251,74,24,Pass
672,672,223,32,133,Fail
673,673,249,39,404,Fail
674,674,261,48,175,Fail
675,675,255,98,437,Pass
676,676,272,62,452,Pass
677,677,272,99,231,Pass
678,678,204,56,249,Pass
679,679,269,43,45,Fail
680,680,241,33,383,Fail
681,681,257,71,264,Pass
682,682,280,50,257,Pass
683,683,218,66,162,Pass
684,684,291,61,472,Pass
685,685,209,75,351,Pass
686,686,232,66,385,Pass
687,687,208,62,284,Pass
688,688,277,62,144,Pass
689,689,277,92,261,Pass
690,690,296,85,55,Pass
691,691,237,60,35,Pass
692,692,222,45,156,Fail
693,693,244,42,126,Fail
694,694,255,73,357,Pass
695,695,224,64,290,Pass
696,696,269,86,358,Pass
697,697,293,80,284,Pass
698,698,269,97,496,Pass
699,699,294,87,45,Pass
700,700,260,52,49,Pass
701,701,257,39,407,Fail
702,702,229,50,41,Pass
703,703,295,87,207,Pass
704,704,249,48,380,Fail
705,705,272,35,421,Fail
706,706,273,82,196,Pass
707,707,212,93,243,Pass
708,708,224,98,424,Pass
709,709,220,30,138,Fail
710,710,247,84,17,Pass
711,711,254,61,231,Pass
712,712,287,39,120,Fail
713,713,292,77,491,Pass
714,714,291,54,146,Pass
715,715,268,59,220,Pass
716,716,281,48,156,Fail
717,717,291,57,141,Pass
718,718,283,37,60,Fail
719,719,229,78,366,Pass
720,720,296,57,487,Pass
721,721,276,30,400,Fail
722,722,281,66,156,Pass
723,723,240,33,284,Fail
724,724,289,90,331,Pass
725,725,296,79,360,Pass
726,726,236,70,41,Pass
727,727,231,81,346,Pass
728,728,246,47,487,Fail
729,729,300,86,217,Pass
730,730,245,99,318,Pass
731,731,296,97,193,Pass
732,732,274,65,28,Pass
733,733,233,47,52,Fail
734,734,290,41,272,Fail
735,735,244,58,318,Pass
736,736,222,32,194,Fail
737,737,253,61,167,Pass
738,738,244,49,10,Fail
739,739,289,46,19,Fail
740,740,213,98,255,Pass
741,741,266,82,123,Pass
742,742,252,92,34,Pass
743,743,285,42,70,Fail
744,744,274,71,215,Pass
745,745,244,51,383,Pass
746,746,235,74,484,Pass
747,747,219,41,214,Fail
748,748,280,73,183,Pass
749,749,291,94,304,Pass
750,750,206,85,180,Pass
751,751,203,58,246,Pass
752,752,222,67,262,Pass
753,753,271,84,139,Pass
754,754,270,57,114,Pass
755,755,228,64,266,Pass
756,756,293,34,118,Fail
757,757,224,51,120,Pass
758,758,293,39,448,Fail
759,759,262,64,212,Pass
760,760,201,79,465,Pass
761,761,276,96,20,Pass
762,762,289,67,413,Pass
763,763,242,93,367,Pass
764,764,273,59,63,Pass
765,765,231,77,275,Pass
766,766,290,56,182,Pass
767,767,281,92,384,Pass
768,768,262,61,458,Pass
769,769,217,88,392,Pass
770,770,244,91,288,Pass
771,771,202,49,374,Fail
772,772,266,58,283,Pass
773,773,219,41,409,Fail
774,774,201,77,491,Pass
775,775,257,46,174,Fail
776,776,216,63,294,Pass
777,777,299,93,478,Pass
778,778,224,56,34,Pass
779,779,288,30,40,Fail
780,780,279,69,493,Pass
781,781,203,50,91,Pass
782,782,203,72,186,Pass
783,783,252,78,208,Pass
784,784,250,46,380,Fail
785,785,289,76,106,Pass
786,786,254,46,110,Fail
787,787,262,63,214,Pass
788,788,219,40,396,Fail
789,789,288,94,363,Pass
790,790,268,87,292,Pass
791,791,227,85,44,Pass
792,792,208,48,474,Fail
793,793,209,74,296,Pass
794,794,244,61,28,Pass
795,795,267,51,91,Pass
796,796,280,73,474,Pass
797,797,215,50,273,Pass
798,798,296,97,307,Pass
799,799,298,61,92,Pass
800,800,210,48,139,Fail
801,801,298,53,422,Pass
802,802,215,82,4,Pass
803,803,247,86,241,Pass
804,804,258,60,414,Pass
805,805,251,88,98,Pass
806,806,246,39,134,Fail
807,807,234,78,255,Pass
808,808,289,39,325,Fail
809,809,202,35,397,Fail
810,810,206,85,257,Pass
811,811,221,32,178,Fail
812,812,250,43,228,Fail
813,813,256,88,76,Pass
814,814,247,85,99,Pass
815,815,275,70,217,Pass
816,816,250,67,123,Pass
817,817,212,76,163,Pass
818,818,230,99,58,Pass
819,819,258,100,436,Pass
820,820,203,82,205,Pass
821,821,291,75,486,Pass
822,822,240,33,200,Fail
823,823,237,48,237,Fail
824,824,214,87,45,Pass
825,825,286,38,177,Fail
826,826,221,70,442,Pass
827,827,209,84,40,Pass
828,828,204,30,14,Fail
829,829,242,72,430,Pass
830,830,264,96,52,Pass
831,831,212,91,12,Pass
832,832,267,34,396,Fail
833,833,202,77,191,Pass
834,834,256,78,162,Pass
835,835,227,89,253,Pass
836,836,264,57,491,Pass
837,837,254,76,281,Pass
838,838,249,85,62,Pass
839,839,234,35,129,Fail
840,840,289,49,166,Fail
841,841,227,70,468,Pass
842,842,256,68,121,Pass
843,843,268,79,89,Pass
844,844,216,40,167,Fail
845,845,251,42,470,Fail
846,846,280,72,81,Pass
847,847,250,53,389,Pass
848,848,209,83,3,Pass
849,849,264,53,160,Pass
850,850,269,98,481,Pass
851,851,201,63,421,Pass
852,852,217,99,493,Pass
853,853,232,53,2,Pass
854,854,202,35,282,Fail
855,855,292,64,288,Pass
856,856,223,49,205,Fail
857,857,244,100,104,Pass
858,858,287,48,438,Fail
859,859,210,84,337,Pass
860,860,274,35,124,Fail
861,861,286,98,412,Pass
862,862,218,33,488,Fail
863,863,223,86,227,Pass
864,864,233,53,218,Pass
865,865,237,46,157,Fail
866,866,223,44,410,Fail
867,867,278,88,308,Pass
868,868,269,91,75,Pass
869,869,246,48,424,Fail
870,870,249,69,140,Pass
871,871,282,77,464,Pass
872,872,269,59,433,Pass
873,873,245,39,443,Fail
874,874,224,35,472,Fail
875,875,281,76,181,Pass
876,876,293,82,498,Pass
877,877,248,42,88,Fail
878,878,247,93,153,Pass
879,879,230,91,339,Pass
880,880,297,75,307,Pass
881,881,273,33,425,Fail
882,882,259,54,321,Pass
883,883,217,32,85,Fail
884,884,232,77,286,Pass
885,885,289,66,402,Pass
886,886,213,81,363,Pass
887,887,236,87,498,Pass
888,888,278,56,60,Pass
889,889,202,55,265,Pass
890,890,294,79,203,Pass
891,891,219,74,259,Pass
892,892,296,67,50,Pass
893,893,300,80,239,Pass
894,894,300,92,263,Pass
895,895,210,48,338,Fail
896,896,205,41,107,Fail
897,897,262,37,476,Fail
898,898,220,55,259,Pass
899,899,253,59,2,Pass
900,900,242,82,77,Pass
901,901,285,47,473,Fail
902,902,239,44,492,Fail
903,903,288,62,72,Pass
904,904,268,62,160,Pass
905,905,287,59,198,Pass
906,906,249,36,315,Fail
907,907,257,39,92,Fail
908,908,245,37,81,Fail
909,909,239,56,85,Pass
910,910,241,64,230,Pass
911,911,299,37,277,Fail
912,912,219,81,134,Pass
913,913,202,45,46,Fail
914,914,276,91,42,Pass
915,915,229,58,388,Pass
916,916,218,31,355,Fail
917,917,220,74,441,Pass
918,918,263,95,257,Pass
919,919,251,87,440,Pass
920,920,283,95,38,Pass
921,921,222,42,46,Fail
922,922,251,69,199,Pass
923,923,263,52,442,Pass
924,924,225,100,85,Pass
925,925,241,52,463,Pass
926,926,204,88,186,Pass
927,927,277,53,432,Pass
928,928,280,36,232,Fail
929,929,214,62,20,Pass
930,930,215,61,21,Pass
931,931,245,30,388,Fail
932,932,204,96,54,Pass
933,933,257,83,123,Pass
934,934,223,78,328,Pass
935,935,235,51,285,Pass
936,936,299,94,227,Pass
937,937,268,68,272,Pass
938,938,247,34,334,Fail
939,939,223,79,338,Pass
940,940,243,98,482,Pass
941,941,298,68,167,Pass
942,942,298,51,348,Pass
943,943,266,75,442,Pass
944,944,244,87,153,Pass
945,945,262,92,110,Pass
946,946,235,62,283,Pass
947,947,270,65,407,Pass
948,948,238,38,88,Fail
949,949,232,93,45,Pass
950,950,280,36,260,Fail
951,951,251,89,253,Pass
952,952,247,84,401,Pass
953,953,211,43,9,Fail
954,954,267,64,461,Pass
955,955,292,58,3,Pass
956,956,233,72,236,Pass
957,957,241,94,11,Pass
958,958,252,74,93,Pass
959,959,232,40,420,Fail
960,960,263,46,103,Fail
961,961,283,57,421,Pass
962,962,289,73,293,Pass
963,963,232,66,214,Pass
964,964,221,98,462,Pass
965,965,210,92,57,Pass
966,966,265,41,190,Fail
967,967,233,89,129,Pass
968,968,274,52,100,Pass
969,969,294,59,10,Pass
970,970,263,83,169,Pass
971,971,240,82,365,Pass
972,972,248,67,492,Pass
973,973,239,52,151,Pass
974,974,257,85,140,Pass
975,975,274,71,60,Pass
976,976,262,42,388,Fail
977,977,227,68,261,Pass
978,978,293,39,370,Fail
979,979,300,89,446,Pass
980,980,234,73,446,Pass
981,981,238,73,497,Pass
982,982,223,54,204,Pass
983,983,246,58,448,Pass
984,984,235,48,222,Fail
985,985,296,63,104,Pass
986,986,269,86,75,Pass
987,987,263,64,418,Pass
988,988,214,69,168,Pass
989,989,237,70,9,Pass
990,990,272,48,437,Fail
991,991,230,50,241,Pass
992,992,293,62,23,Pass
993,993,291,41,23,Fail
994,994,232,65,49,Pass
995,995,274,99,406,Pass
996,996,278,93,44,Pass
997,997,298,80,386,Pass
998,998,291,95,135,Pass
999,999,273,83,328,Pass
1000,1000,236,96,206,Pass
